Employee ID,Project ID,Project Name
E0012,P001,Website Redesign
E0041,P002,Mobile App Development
E0049,P003,Backend API Development
E0062,P004,Cloud Infrastructure Setup
E0080,P005,Security Enhancements
E0092,P006,UI/UX Improvements
E0105,P007,Feature Expansion
E0120,P008,Database Migration
E0129,P009,Performance Optimization
E0187,P010,Bug Fixing Sprint
E0190,P011,E-Commerce Platform
E0193,P012,DevOps Pipeline Setup
E0210,P013,AI Integration
E0255,P014,Chatbot Development
E0304,P015,Data Analytics Dashboard
E0325,P016,Customer Portal Development
E0340,P017,Cross-Platform App
E0346,P018,Payment Gateway Integration
E0358,P019,Search Engine Optimization
E0368,P020,CRM Integration
E0405,P021,Product Refactoring
E0411,P022,Codebase Modernization
E0418,P023,Accessibility Improvements
E0430,P024,Version Upgrade
E0435,P025,Product Launch Support
E0001,P560158,TBD
E0002,P364100,TBD
E0003,P973010,TBD
E0004,P133731,TBD
E0005,P635369,TBD
E0006,P355357,TBD
E0007,P622150,TBD
E0008,P989570,TBD
E0009,P164533,TBD
E0010,P430118,TBD
E0011,P325849,TBD
E0013,P152172,TBD
E0014,P164550,TBD
E0015,P919715,TBD
E0016,P838369,TBD
E0017,P708043,TBD
E0018,P567173,TBD
E0019,P593009,TBD
E0020,P602903,TBD
E0021,P126304,TBD
E0022,P312540,TBD
E0023,P786310,TBD
E0024,P521280,TBD
E0025,P953615,TBD
E0026,P735148,TBD
E0027,P300677,TBD
E0028,P948264,TBD
E0029,P221885,TBD
E0030,P282488,TBD
E0031,P641140,TBD
E0032,P289338,TBD
E0033,P638345,TBD
E0034,P497240,TBD
E0035,P983030,TBD
E0036,P340439,TBD
E0037,P770225,TBD
E0038,P602142,TBD
E0039,P328686,TBD
E0040,P165410,TBD
E0042,P966637,TBD
E0043,P354085,TBD
E0044,P735713,TBD
E0045,P269372,TBD
E0046,P951644,TBD
E0047,P953447,TBD
E0048,P497223,TBD
E0050,P180264,TBD
E0051,P351859,TBD
E0052,P588212,TBD
E0053,P404545,TBD
E0054,P694303,TBD
E0055,P896966,TBD
E0056,P566451,TBD
E0057,P774340,TBD
E0058,P815224,TBD
E0059,P746663,TBD
E0060,P924887,TBD
E0061,P383691,TBD
E0063,P205662,TBD
E0064,P114621,TBD
E0065,P227441,TBD
E0066,P888822,TBD
E0067,P824535,TBD
E0068,P486542,TBD
E0069,P653755,TBD
E0070,P703896,TBD
E0071,P682048,TBD
E0072,P939253,TBD
E0073,P308989,TBD
E0074,P626927,TBD
E0075,P922289,TBD
E0076,P774345,TBD
E0077,P523526,TBD
E0078,P201664,TBD
E0079,P856969,TBD
E0081,P962616,TBD
E0082,P180137,TBD
E0083,P739530,TBD
E0084,P261211,TBD
E0085,P401614,TBD
E0086,P730768,TBD
E0087,P255476,TBD
E0088,P497135,TBD
E0089,P442193,TBD
E0090,P147390,TBD
E0091,P587349,TBD
E0093,P225881,TBD
E0094,P287591,TBD
E0095,P569276,TBD
E0096,P314770,TBD
E0097,P736421,TBD
E0098,P786729,TBD
E0099,P333464,TBD
E0100,P785691,TBD
E0101,P303800,TBD
E0102,P137769,TBD
E0103,P431444,TBD
E0104,P264780,TBD
E0106,P368374,TBD
E0107,P718884,TBD
E0108,P818874,TBD
E0109,P554521,TBD
E0110,P763261,TBD
E0111,P651284,TBD
E0112,P687028,TBD
E0113,P922028,TBD
E0114,P664921,TBD
E0115,P818667,TBD
E0116,P448792,TBD
E0117,P581929,TBD
E0118,P661468,TBD
E0119,P404009,TBD
E0121,P856138,TBD
E0122,P530792,TBD
E0123,P233559,TBD
E0124,P550216,TBD
E0125,P127394,TBD
E0126,P733456,TBD
E0127,P561034,TBD
E0128,P226558,TBD
E0130,P827947,TBD
E0131,P319731,TBD
E0132,P896273,TBD
E0133,P130729,TBD
E0134,P878630,TBD
E0135,P400635,TBD
E0136,P435144,TBD
E0137,P291368,TBD
E0138,P976660,TBD
E0139,P410079,TBD
E0140,P629479,TBD
E0141,P742657,TBD
E0142,P168185,TBD
E0143,P421928,TBD
E0144,P417553,TBD
E0145,P371060,TBD
E0146,P118465,TBD
E0147,P959206,TBD
E0148,P724792,TBD
E0149,P956967,TBD
E0150,P642168,TBD
E0151,P930085,TBD
E0152,P254990,TBD
E0153,P882308,TBD
E0154,P364971,TBD
E0155,P754177,TBD
E0156,P928291,TBD
E0157,P704177,TBD
E0158,P595564,TBD
E0159,P537158,TBD
E0160,P886688,TBD
E0161,P839921,TBD
E0162,P597866,TBD
E0163,P664941,TBD
E0164,P811835,TBD
E0165,P384351,TBD
E0166,P415437,TBD
E0167,P952437,TBD
E0168,P221005,TBD
E0169,P918051,TBD
E0170,P685612,TBD
E0171,P128845,TBD
E0172,P375896,TBD
E0173,P479425,TBD
E0174,P536426,TBD
E0175,P380837,TBD
E0176,P978525,TBD
E0177,P711238,TBD
E0178,P808091,TBD
E0179,P568762,TBD
E0180,P434908,TBD
E0181,P862800,TBD
E0182,P851658,TBD
E0183,P529428,TBD
E0184,P120925,TBD
E0185,P194731,TBD
E0186,P972419,TBD
E0188,P172150,TBD
E0189,P172756,TBD
E0191,P639275,TBD
E0192,P128288,TBD
E0194,P990284,TBD
E0195,P216839,TBD
E0196,P849309,TBD
E0197,P529536,TBD
E0198,P317720,TBD
E0199,P761720,TBD
E0200,P981614,TBD
E0201,P853058,TBD
E0202,P147426,TBD
E0203,P481546,TBD
E0204,P602331,TBD
E0205,P605427,TBD
E0206,P276482,TBD
E0207,P752728,TBD
E0208,P716484,TBD
E0209,P537214,TBD
E0211,P149162,TBD
E0212,P213360,TBD
E0213,P617513,TBD
E0214,P865152,TBD
E0215,P182494,TBD
E0216,P562417,TBD
E0217,P137097,TBD
E0218,P493135,TBD
E0219,P529208,TBD
E0220,P580218,TBD
E0221,P872596,TBD
E0222,P596373,TBD
E0223,P758623,TBD
E0224,P401160,TBD
E0225,P559240,TBD
E0226,P662912,TBD
E0227,P161219,TBD
E0228,P430955,TBD
E0229,P212402,TBD
E0230,P460682,TBD
E0231,P721159,TBD
E0232,P316817,TBD
E0233,P935876,TBD
E0234,P272081,TBD
E0235,P246586,TBD
E0236,P619490,TBD
E0237,P666330,TBD
E0238,P539300,TBD
E0239,P347744,TBD
E0240,P667573,TBD
E0241,P349779,TBD
E0242,P435521,TBD
E0243,P196933,TBD
E0244,P261847,TBD
E0245,P233219,TBD
E0246,P202129,TBD
E0247,P238353,TBD
E0248,P841379,TBD
E0249,P570397,TBD
E0250,P325277,TBD
E0251,P536338,TBD
E0252,P642690,TBD
E0253,P775707,TBD
E0254,P874943,TBD
E0256,P171736,TBD
E0257,P630332,TBD
E0258,P327358,TBD
E0259,P710040,TBD
E0260,P848209,TBD
E0261,P232264,TBD
E0262,P266357,TBD
E0263,P849720,TBD
E0264,P397596,TBD
E0265,P264970,TBD
E0266,P740206,TBD
E0267,P333076,TBD
E0268,P575305,TBD
E0269,P972394,TBD
E0270,P937535,TBD
E0271,P713489,TBD
E0272,P849314,TBD
E0273,P751107,TBD
E0274,P836083,TBD
E0275,P388393,TBD
E0276,P940134,TBD
E0277,P201069,TBD
E0278,P819398,TBD
E0279,P234096,TBD
E0280,P332172,TBD
E0281,P896401,TBD
E0282,P199158,TBD
E0283,P524164,TBD
E0284,P984664,TBD
E0285,P237350,TBD
E0286,P761800,TBD
E0287,P601724,TBD
E0288,P628455,TBD
E0289,P215923,TBD
E0290,P789617,TBD
E0291,P538358,TBD
E0292,P618521,TBD
E0293,P562285,TBD
E0294,P610910,TBD
E0295,P215834,TBD
E0296,P455150,TBD
E0297,P326528,TBD
E0298,P632601,TBD
E0299,P146391,TBD
E0300,P385867,TBD
E0301,P433420,TBD
E0302,P154395,TBD
E0303,P780987,TBD
E0305,P271227,TBD
E0306,P455295,TBD
E0307,P765623,TBD
E0308,P821208,TBD
E0309,P161629,TBD
E0310,P499820,TBD
E0311,P474991,TBD
E0312,P535042,TBD
E0313,P298085,TBD
E0314,P167732,TBD
E0315,P562733,TBD
E0316,P364994,TBD
E0317,P484768,TBD
E0318,P424781,TBD
E0319,P712821,TBD
E0320,P688567,TBD
E0321,P826487,TBD
E0322,P456241,TBD
E0323,P356733,TBD
E0324,P591579,TBD
E0326,P945101,TBD
E0327,P637949,TBD
E0328,P528613,TBD
E0329,P533084,TBD
E0330,P930206,TBD
E0331,P744383,TBD
E0332,P931362,TBD
E0333,P408037,TBD
E0334,P133554,TBD
E0335,P670924,TBD
E0336,P531490,TBD
E0337,P555064,TBD
E0338,P423427,TBD
E0339,P983318,TBD
E0341,P289793,TBD
E0342,P488687,TBD
E0343,P357809,TBD
E0344,P257402,TBD
E0345,P435074,TBD
E0347,P533459,TBD
E0348,P800084,TBD
E0349,P146288,TBD
E0350,P456148,TBD
E0351,P168068,TBD
E0352,P341577,TBD
E0353,P842773,TBD
E0354,P579410,TBD
E0355,P461561,TBD
E0356,P837327,TBD
E0357,P303395,TBD
E0359,P636280,TBD
E0360,P799652,TBD
E0361,P690113,TBD
E0362,P746884,TBD
E0363,P450333,TBD
E0364,P144178,TBD
E0365,P919980,TBD
E0366,P117656,TBD
E0367,P646706,TBD
E0369,P963430,TBD
E0370,P975657,TBD
E0371,P720015,TBD
E0372,P463871,TBD
E0373,P362522,TBD
E0374,P764748,TBD
E0375,P904347,TBD
E0376,P596573,TBD
E0377,P769475,TBD
E0378,P791977,TBD
E0379,P163035,TBD
E0380,P332906,TBD
E0381,P198622,TBD
E0382,P405258,TBD
E0383,P132635,TBD
E0384,P243065,TBD
E0385,P261132,TBD
E0386,P246487,TBD
E0387,P817850,TBD
E0388,P499896,TBD
E0389,P585640,TBD
E0390,P384857,TBD
E0391,P963807,TBD
E0392,P505132,TBD
E0393,P465871,TBD
E0394,P598823,TBD
E0395,P871099,TBD
E0396,P776225,TBD
E0397,P262789,TBD
E0398,P785536,TBD
E0399,P900916,TBD
E0400,P944469,TBD
E0401,P363934,TBD
E0402,P835277,TBD
E0403,P330789,TBD
E0404,P245276,TBD
E0406,P856487,TBD
E0407,P429769,TBD
E0408,P118298,TBD
E0409,P247274,TBD
E0410,P194176,TBD
E0412,P286121,TBD
E0413,P507268,TBD
E0414,P805988,TBD
E0415,P993128,TBD
E0416,P657621,TBD
E0417,P679326,TBD
E0419,P647085,TBD
E0420,P380522,TBD
E0421,P528507,TBD
E0422,P881271,TBD
E0423,P221368,TBD
E0424,P289487,TBD
E0425,P911584,TBD
E0426,P186688,TBD
E0427,P545818,TBD
E0428,P818048,TBD
E0429,P146985,TBD
E0431,P943936,TBD
E0432,P166828,TBD
E0433,P608017,TBD
E0434,P153039,TBD
E0436,P969691,TBD
E0437,P414753,TBD
E0438,P208115,TBD
E0439,P994022,TBD
E0440,P605666,TBD
E0441,P682309,TBD
E0442,P652285,TBD
E0443,P276084,TBD
E0444,P809053,TBD
E0445,P418093,TBD
E0446,P792145,TBD
E0447,P122567,TBD
E0448,P590797,TBD
E0449,P482749,TBD
E0450,P678815,TBD
E0451,P479047,TBD
E0452,P425160,TBD
E0453,P677102,TBD
E0454,P437157,TBD
E0455,P774368,TBD
E0456,P367393,TBD
E0457,P821377,TBD
E0458,P735969,TBD
E0459,P811873,TBD
E0460,P172137,TBD
E0461,P873679,TBD
E0462,P681904,TBD
E0463,P266796,TBD
E0464,P552701,TBD
E0465,P283668,TBD
E0466,P487185,TBD
E0467,P218301,TBD
E0468,P883721,TBD
E0469,P814806,TBD
E0470,P585288,TBD
E0471,P276366,TBD
E0472,P490168,TBD
E0473,P471617,TBD
E0474,P626290,TBD
E0475,P881738,TBD
E0476,P732576,TBD
E0477,P944582,TBD
E0478,P610252,TBD
E0479,P263949,TBD
E0480,P946925,TBD
E0481,P185121,TBD
E0482,P472798,TBD
E0483,P749583,TBD
E0484,P659147,TBD
E0485,P874928,TBD
E0486,P273320,TBD
E0487,P525706,TBD
E0488,P385437,TBD
E0489,P590829,TBD
E0490,P922142,TBD
E0491,P977739,TBD
E0492,P494543,TBD
E0493,P942325,TBD
E0494,P484236,TBD
E0495,P352335,TBD
E0496,P810489,TBD
E0497,P499251,TBD
E0498,P549831,TBD
E0499,P716039,TBD
E0500,P468094,TBD
